Date,samplingPoint.notation,samplingPoint.prefLabel,samplingPoint.easting,samplingPoint.northing,samplingPoint.region,samplingPoint.area,samplingPoint.subArea,samplingPoint.samplingPointStatus,samplingPoint.samplingPointType,phenomenonTime,samplingPurpose,sampleMaterialType,pH Water,Temp Water,Cond @ 25C
2020-01-10,SO-E0007222,ALLENS HILL INVESTIGATION AT CLIFFE POOLS,572949,176722,Southern,SOUTHERN - KENT AND SOUTH LONDON,L&W KENT AND SOUTH LONDON (SO),OPEN,WASTE SITE - INDUSTRIAL LANDFILL,2020-01-10T09:38:00Z,COMPLIANCE AUDIT (PERMIT),ESTUARINE WATER,8.45,NA,44870
2020-02-25,SO-E0007222,ALLENS HILL INVESTIGATION AT CLIFFE POOLS,572949,176722,Southern,SOUTHERN - KENT AND SOUTH LONDON,L&W KENT AND SOUTH LONDON (SO),OPEN,WASTE SITE - INDUSTRIAL LANDFILL,2020-02-25T12:01:00Z,COMPLIANCE AUDIT (PERMIT),ESTUARINE WATER,8.6,NA,40656
2020-03-18,SO-E0007222,ALLENS HILL INVESTIGATION AT CLIFFE POOLS,572949,176722,Southern,SOUTHERN - KENT AND SOUTH LONDON,L&W KENT AND SOUTH LONDON (SO),OPEN,WASTE SITE - INDUSTRIAL LANDFILL,2020-03-18T11:57:00Z,COMPLIANCE AUDIT (PERMIT),ESTUARINE WATER,8.63,NA,38052
2021-10-15,SO-E0007222,ALLENS HILL INVESTIGATION AT CLIFFE POOLS,572949,176722,Southern,SOUTHERN - KENT AND SOUTH LONDON,L&W KENT AND SOUTH LONDON (SO),OPEN,WASTE SITE - INDUSTRIAL LANDFILL,2021-10-15T08:31:00Z,COMPLIANCE AUDIT (PERMIT),ESTUARINE WATER,8.43,NA,41183
2021-11-18,SO-E0007222,ALLENS HILL INVESTIGATION AT CLIFFE POOLS,572949,176722,Southern,SOUTHERN - KENT AND SOUTH LONDON,L&W KENT AND SOUTH LONDON (SO),OPEN,WASTE SITE - INDUSTRIAL LANDFILL,2021-11-18T12:05:00Z,COMPLIANCE AUDIT (PERMIT),ESTUARINE WATER,8.74,NA,40625
2021-12-06,SO-E0007222,ALLENS HILL INVESTIGATION AT CLIFFE POOLS,572949,176722,Southern,SOUTHERN - KENT AND SOUTH LONDON,L&W KENT AND SOUTH LONDON (SO),OPEN,WASTE SITE - INDUSTRIAL LANDFILL,2021-12-06T08:27:00Z,COMPLIANCE AUDIT (PERMIT),ESTUARINE WATER,8.67,NA,41310
2022-01-18,SO-E0007222,ALLENS HILL INVESTIGATION AT CLIFFE POOLS,572949,176722,Southern,SOUTHERN - KENT AND SOUTH LONDON,L&W KENT AND SOUTH LONDON (SO),OPEN,WASTE SITE - INDUSTRIAL LANDFILL,2022-01-18T08:36:00Z,COMPLIANCE AUDIT (PERMIT),ESTUARINE WATER,8.61,NA,39550
2022-02-22,SO-E0007222,ALLENS HILL INVESTIGATION AT CLIFFE POOLS,572949,176722,Southern,SOUTHERN - KENT AND SOUTH LONDON,L&W KENT AND SOUTH LONDON (SO),OPEN,WASTE SITE - INDUSTRIAL LANDFILL,2022-02-22T08:32:00Z,COMPLIANCE AUDIT (PERMIT),ESTUARINE WATER,8.69,NA,38616
2022-03-17,SO-E0007222,ALLENS HILL INVESTIGATION AT CLIFFE POOLS,572949,176722,Southern,SOUTHERN - KENT AND SOUTH LONDON,L&W KENT AND SOUTH LONDON (SO),OPEN,WASTE SITE - INDUSTRIAL LANDFILL,2022-03-17T10:07:00Z,COMPLIANCE AUDIT (PERMIT),ESTUARINE WATER,8.83,NA,37440
2022-05-11,SO-E0007222,ALLENS HILL INVESTIGATION AT CLIFFE POOLS,572949,176722,Southern,SOUTHERN - KENT AND SOUTH LONDON,L&W KENT AND SOUTH LONDON (SO),OPEN,WASTE SITE - INDUSTRIAL LANDFILL,2022-05-11T12:26:00Z,COMPLIANCE AUDIT (PERMIT),ESTUARINE WATER,8.66,NA,40922
2022-06-08,SO-E0007222,ALLENS HILL INVESTIGATION AT CLIFFE POOLS,572949,176722,Southern,SOUTHERN - KENT AND SOUTH LONDON,L&W KENT AND SOUTH LONDON (SO),OPEN,WASTE SITE - INDUSTRIAL LANDFILL,2022-06-08T09:07:00Z,COMPLIANCE AUDIT (PERMIT),ESTUARINE WATER,8.56,NA,40107
2022-07-22,SO-E0007222,ALLENS HILL INVESTIGATION AT CLIFFE POOLS,572949,176722,Southern,SOUTHERN - KENT AND SOUTH LONDON,L&W KENT AND SOUTH LONDON (SO),OPEN,WASTE SITE - INDUSTRIAL LANDFILL,2022-07-22T09:18:00Z,COMPLIANCE AUDIT (PERMIT),ESTUARINE WATER,8.48,NA,46805
2022-08-19,SO-E0007222,ALLENS HILL INVESTIGATION AT CLIFFE POOLS,572949,176722,Southern,SOUTHERN - KENT AND SOUTH LONDON,L&W KENT AND SOUTH LONDON (SO),OPEN,WASTE SITE - INDUSTRIAL LANDFILL,2022-08-19T08:14:00Z,COMPLIANCE AUDIT (PERMIT),ESTUARINE WATER,8.51,NA,28240
2022-11-28,SO-E0007222,ALLENS HILL INVESTIGATION AT CLIFFE POOLS,572949,176722,Southern,SOUTHERN - KENT AND SOUTH LONDON,L&W KENT AND SOUTH LONDON (SO),OPEN,WASTE SITE - INDUSTRIAL LANDFILL,2022-11-28T13:38:00Z,COMPLIANCE AUDIT (PERMIT),ESTUARINE WATER,8.58,NA,47554
2022-12-16,SO-E0007222,ALLENS HILL INVESTIGATION AT CLIFFE POOLS,572949,176722,Southern,SOUTHERN - KENT AND SOUTH LONDON,L&W KENT AND SOUTH LONDON (SO),OPEN,WASTE SITE - INDUSTRIAL LANDFILL,2022-12-16T09:54:00Z,COMPLIANCE AUDIT (PERMIT),ESTUARINE WATER,8.57,NA,49657
2023-01-27,SO-E0007222,ALLENS HILL INVESTIGATION AT CLIFFE POOLS,572949,176722,Southern,SOUTHERN - KENT AND SOUTH LONDON,L&W KENT AND SOUTH LONDON (SO),OPEN,WASTE SITE - INDUSTRIAL LANDFILL,2023-01-27T09:29:00Z,COMPLIANCE AUDIT (PERMIT),ESTUARINE WATER,8.37,NA,44495
2023-02-14,SO-E0007222,ALLENS HILL INVESTIGATION AT CLIFFE POOLS,572949,176722,Southern,SOUTHERN - KENT AND SOUTH LONDON,L&W KENT AND SOUTH LONDON (SO),OPEN,WASTE SITE - INDUSTRIAL LANDFILL,2023-02-14T08:44:00Z,COMPLIANCE AUDIT (PERMIT),ESTUARINE WATER,8.75,NA,43824
2023-03-22,SO-E0007222,ALLENS HILL INVESTIGATION AT CLIFFE POOLS,572949,176722,Southern,SOUTHERN - KENT AND SOUTH LONDON,L&W KENT AND SOUTH LONDON (SO),OPEN,WASTE SITE - INDUSTRIAL LANDFILL,2023-03-22T08:26:00Z,COMPLIANCE AUDIT (PERMIT),ESTUARINE WATER,8.66,NA,41762
2023-05-30,SO-E0007222,ALLENS HILL INVESTIGATION AT CLIFFE POOLS,572949,176722,Southern,SOUTHERN - KENT AND SOUTH LONDON,L&W KENT AND SOUTH LONDON (SO),OPEN,WASTE SITE - INDUSTRIAL LANDFILL,2023-05-30T08:41:00Z,COMPLIANCE AUDIT (PERMIT),ESTUARINE WATER,8.65,NA,41903
2023-06-15,SO-E0007222,ALLENS HILL INVESTIGATION AT CLIFFE POOLS,572949,176722,Southern,SOUTHERN - KENT AND SOUTH LONDON,L&W KENT AND SOUTH LONDON (SO),OPEN,WASTE SITE - INDUSTRIAL LANDFILL,2023-06-15T10:57:00Z,COMPLIANCE AUDIT (PERMIT),ESTUARINE WATER,8.66,NA,43853
2023-09-28,SO-E0007222,ALLENS HILL INVESTIGATION AT CLIFFE POOLS,572949,176722,Southern,SOUTHERN - KENT AND SOUTH LONDON,L&W KENT AND SOUTH LONDON (SO),OPEN,WASTE SITE - INDUSTRIAL LANDFILL,2023-09-28T10:54:00Z,COMPLIANCE AUDIT (PERMIT),ESTUARINE WATER,8.66,NA,52867
2023-10-26,SO-E0007222,ALLENS HILL INVESTIGATION AT CLIFFE POOLS,572949,176722,Southern,SOUTHERN - KENT AND SOUTH LONDON,L&W KENT AND SOUTH LONDON (SO),OPEN,WASTE SITE - INDUSTRIAL LANDFILL,2023-10-26T11:25:00Z,COMPLIANCE AUDIT (PERMIT),ESTUARINE WATER,8.57,NA,51677
2023-11-21,SO-E0007222,ALLENS HILL INVESTIGATION AT CLIFFE POOLS,572949,176722,Southern,SOUTHERN - KENT AND SOUTH LONDON,L&W KENT AND SOUTH LONDON (SO),OPEN,WASTE SITE - INDUSTRIAL LANDFILL,2023-11-21T10:30:00Z,COMPLIANCE AUDIT (PERMIT),ESTUARINE WATER,8.74,NA,48054
2023-12-14,SO-E0007222,ALLENS HILL INVESTIGATION AT CLIFFE POOLS,572949,176722,Southern,SOUTHERN - KENT AND SOUTH LONDON,L&W KENT AND SOUTH LONDON (SO),OPEN,WASTE SITE - INDUSTRIAL LANDFILL,2023-12-14T09:36:00Z,COMPLIANCE AUDIT (PERMIT),ESTUARINE WATER,8.68,NA,44932
2024-01-17,SO-E0007222,ALLENS HILL INVESTIGATION AT CLIFFE POOLS,572949,176722,Southern,SOUTHERN - KENT AND SOUTH LONDON,L&W KENT AND SOUTH LONDON (SO),OPEN,WASTE SITE - INDUSTRIAL LANDFILL,2024-01-17T09:52:00Z,COMPLIANCE AUDIT (PERMIT),ESTUARINE WATER,8.55,NA,45788
2024-02-22,SO-E0007222,ALLENS HILL INVESTIGATION AT CLIFFE POOLS,572949,176722,Southern,SOUTHERN - KENT AND SOUTH LONDON,L&W KENT AND SOUTH LONDON (SO),OPEN,WASTE SITE - INDUSTRIAL LANDFILL,2024-02-22T10:05:00Z,COMPLIANCE AUDIT (PERMIT),ESTUARINE WATER,8.68,NA,41992
2024-03-20,SO-E0007222,ALLENS HILL INVESTIGATION AT CLIFFE POOLS,572949,176722,Southern,SOUTHERN - KENT AND SOUTH LONDON,L&W KENT AND SOUTH LONDON (SO),OPEN,WASTE SITE - INDUSTRIAL LANDFILL,2024-03-20T08:56:00Z,COMPLIANCE AUDIT (PERMIT),ESTUARINE WATER,8.64,NA,39747
2024-04-24,SO-E0007222,ALLENS HILL INVESTIGATION AT CLIFFE POOLS,572949,176722,Southern,SOUTHERN - KENT AND SOUTH LONDON,L&W KENT AND SOUTH LONDON (SO),OPEN,WASTE SITE - INDUSTRIAL LANDFILL,2024-04-24T10:35:00Z,COMPLIANCE AUDIT (PERMIT),ESTUARINE WATER,8.66,NA,40465
2024-05-29,SO-E0007222,ALLENS HILL INVESTIGATION AT CLIFFE POOLS,572949,176722,Southern,SOUTHERN - KENT AND SOUTH LONDON,L&W KENT AND SOUTH LONDON (SO),OPEN,WASTE SITE - INDUSTRIAL LANDFILL,2024-05-29T08:53:00Z,COMPLIANCE AUDIT (PERMIT),ESTUARINE WATER,8.84,NA,39961
2024-06-13,SO-E0007222,ALLENS HILL INVESTIGATION AT CLIFFE POOLS,572949,176722,Southern,SOUTHERN - KENT AND SOUTH LONDON,L&W KENT AND SOUTH LONDON (SO),OPEN,WASTE SITE - INDUSTRIAL LANDFILL,2024-06-13T09:26:00Z,COMPLIANCE AUDIT (PERMIT),ESTUARINE WATER,8.9,NA,33636
2024-07-10,SO-E0007222,ALLENS HILL INVESTIGATION AT CLIFFE POOLS,572949,176722,Southern,SOUTHERN - KENT AND SOUTH LONDON,L&W KENT AND SOUTH LONDON (SO),OPEN,WASTE SITE - INDUSTRIAL LANDFILL,2024-07-10T08:30:00Z,COMPLIANCE AUDIT (PERMIT),ESTUARINE WATER,8.88,NA,42765
2024-08-08,SO-E0007222,ALLENS HILL INVESTIGATION AT CLIFFE POOLS,572949,176722,Southern,SOUTHERN - KENT AND SOUTH LONDON,L&W KENT AND SOUTH LONDON (SO),OPEN,WASTE SITE - INDUSTRIAL LANDFILL,2024-08-08T08:15:00Z,COMPLIANCE AUDIT (PERMIT),ESTUARINE WATER,8.84,NA,45133
2024-09-04,SO-E0007222,ALLENS HILL INVESTIGATION AT CLIFFE POOLS,572949,176722,Southern,SOUTHERN - KENT AND SOUTH LONDON,L&W KENT AND SOUTH LONDON (SO),OPEN,WASTE SITE - INDUSTRIAL LANDFILL,2024-09-04T08:27:00Z,COMPLIANCE AUDIT (PERMIT),ESTUARINE WATER,8.64,NA,48500
2024-10-23,SO-E0007222,ALLENS HILL INVESTIGATION AT CLIFFE POOLS,572949,176722,Southern,SOUTHERN - KENT AND SOUTH LONDON,L&W KENT AND SOUTH LONDON (SO),OPEN,WASTE SITE - INDUSTRIAL LANDFILL,2024-10-23T08:26:00Z,COMPLIANCE AUDIT (PERMIT),ESTUARINE WATER,8.72,NA,46843
2024-11-20,SO-E0007222,ALLENS HILL INVESTIGATION AT CLIFFE POOLS,572949,176722,Southern,SOUTHERN - KENT AND SOUTH LONDON,L&W KENT AND SOUTH LONDON (SO),OPEN,WASTE SITE - INDUSTRIAL LANDFILL,2024-11-20T09:36:00Z,COMPLIANCE AUDIT (PERMIT),ESTUARINE WATER,8.58,NA,45728
2024-12-12,SO-E0007222,ALLENS HILL INVESTIGATION AT CLIFFE POOLS,572949,176722,Southern,SOUTHERN - KENT AND SOUTH LONDON,L&W KENT AND SOUTH LONDON (SO),OPEN,WASTE SITE - INDUSTRIAL LANDFILL,2024-12-12T09:52:00Z,COMPLIANCE AUDIT (PERMIT),ESTUARINE WATER,8.47,NA,46639
2025-01-27,SO-E0007222,ALLENS HILL INVESTIGATION AT CLIFFE POOLS,572949,176722,Southern,SOUTHERN - KENT AND SOUTH LONDON,L&W KENT AND SOUTH LONDON (SO),OPEN,WASTE SITE - INDUSTRIAL LANDFILL,2025-01-27T10:20:00Z,COMPLIANCE AUDIT (PERMIT),ESTUARINE WATER,8.41,NA,44625
2025-02-18,SO-E0007222,ALLENS HILL INVESTIGATION AT CLIFFE POOLS,572949,176722,Southern,SOUTHERN - KENT AND SOUTH LONDON,L&W KENT AND SOUTH LONDON (SO),OPEN,WASTE SITE - INDUSTRIAL LANDFILL,2025-02-18T11:04:00Z,COMPLIANCE AUDIT (PERMIT),ESTUARINE WATER,8.39,NA,44037
2025-03-18,SO-E0007222,ALLENS HILL INVESTIGATION AT CLIFFE POOLS,572949,176722,Southern,SOUTHERN - KENT AND SOUTH LONDON,L&W KENT AND SOUTH LONDON (SO),OPEN,WASTE SITE - INDUSTRIAL LANDFILL,2025-03-18T11:16:00Z,COMPLIANCE AUDIT (PERMIT),ESTUARINE WATER,8.77,NA,44133
2025-04-16,SO-E0007222,ALLENS HILL INVESTIGATION AT CLIFFE POOLS,572949,176722,Southern,SOUTHERN - KENT AND SOUTH LONDON,L&W KENT AND SOUTH LONDON (SO),OPEN,WASTE SITE - INDUSTRIAL LANDFILL,2025-04-16T13:24:00Z,COMPLIANCE AUDIT (PERMIT),ESTUARINE WATER,8.71,NA,44484
2025-05-19,SO-E0007222,ALLENS HILL INVESTIGATION AT CLIFFE POOLS,572949,176722,Southern,SOUTHERN - KENT AND SOUTH LONDON,L&W KENT AND SOUTH LONDON (SO),OPEN,WASTE SITE - INDUSTRIAL LANDFILL,2025-05-19T10:12:00Z,COMPLIANCE AUDIT (PERMIT),ESTUARINE WATER,8.81,NA,46943
2025-06-18,SO-E0007222,ALLENS HILL INVESTIGATION AT CLIFFE POOLS,572949,176722,Southern,SOUTHERN - KENT AND SOUTH LONDON,L&W KENT AND SOUTH LONDON (SO),OPEN,WASTE SITE - INDUSTRIAL LANDFILL,2025-06-18T12:50:00Z,COMPLIANCE AUDIT (PERMIT),ESTUARINE WATER,8.67,NA,50438
2025-07-28,SO-E0007222,ALLENS HILL INVESTIGATION AT CLIFFE POOLS,572949,176722,Southern,SOUTHERN - KENT AND SOUTH LONDON,L&W KENT AND SOUTH LONDON (SO),OPEN,WASTE SITE - INDUSTRIAL LANDFILL,2025-07-28T13:28:00Z,COMPLIANCE AUDIT (PERMIT),ESTUARINE WATER,8.74,NA,54648
2025-08-18,SO-E0007222,ALLENS HILL INVESTIGATION AT CLIFFE POOLS,572949,176722,Southern,SOUTHERN - KENT AND SOUTH LONDON,L&W KENT AND SOUTH LONDON (SO),OPEN,WASTE SITE - INDUSTRIAL LANDFILL,2025-08-18T13:06:00Z,COMPLIANCE AUDIT (PERMIT),ESTUARINE WATER,8.75,NA,56035
2025-09-22,SO-E0007222,ALLENS HILL INVESTIGATION AT CLIFFE POOLS,572949,176722,Southern,SOUTHERN - KENT AND SOUTH LONDON,L&W KENT AND SOUTH LONDON (SO),OPEN,WASTE SITE - INDUSTRIAL LANDFILL,2025-09-22T12:54:00Z,COMPLIANCE AUDIT (PERMIT),ESTUARINE WATER,8.85,NA,58518
2025-11-21,SO-E0007222,ALLENS HILL INVESTIGATION AT CLIFFE POOLS,572949,176722,Southern,SOUTHERN - KENT AND SOUTH LONDON,L&W KENT AND SOUTH LONDON (SO),OPEN,WASTE SITE - INDUSTRIAL LANDFILL,2025-11-21T13:01:00Z,COMPLIANCE AUDIT (PERMIT),ESTUARINE WATER,8.8,NA,58456
2025-12-16,SO-E0007222,ALLENS HILL INVESTIGATION AT CLIFFE POOLS,572949,176722,Southern,SOUTHERN - KENT AND SOUTH LONDON,L&W KENT AND SOUTH LONDON (SO),OPEN,WASTE SITE - INDUSTRIAL LANDFILL,2025-12-16T12:31:00Z,COMPLIANCE AUDIT (PERMIT),ESTUARINE WATER,8.49,NA,56197
2020-01-10,SO-E0007220,ALPHA LAKE OUTLET,570951,175988,Southern,SOUTHERN - KENT AND SOUTH LONDON,L&W KENT AND SOUTH LONDON (SO),OPEN,WASTE SITE - INDUSTRIAL LANDFILL,2020-01-10T11:38:00Z,COMPLIANCE AUDIT (PERMIT),ESTUARINE WATER,8.1,NA,33000
2020-02-25,SO-E0007220,ALPHA LAKE OUTLET,570951,175988,Southern,SOUTHERN - KENT AND SOUTH LONDON,L&W KENT AND SOUTH LONDON (SO),OPEN,WASTE SITE - INDUSTRIAL LANDFILL,2020-02-25T10:11:00Z,COMPLIANCE AUDIT (PERMIT),ESTUARINE WATER,8.2,NA,31000
2020-03-18,SO-E0007220,ALPHA LAKE OUTLET,570951,175988,Southern,SOUTHERN - KENT AND SOUTH LONDON,L&W KENT AND SOUTH LONDON (SO),OPEN,WASTE SITE - INDUSTRIAL LANDFILL,2020-03-18T10:25:00Z,COMPLIANCE AUDIT (PERMIT),ESTUARINE WATER,8.5,NA,30000
2021-10-15,SO-E0007220,ALPHA LAKE OUTLET,570951,175988,Southern,SOUTHERN - KENT AND SOUTH LONDON,L&W KENT AND SOUTH LONDON (SO),OPEN,WASTE SITE - INDUSTRIAL LANDFILL,2021-10-15T11:27:00Z,COMPLIANCE AUDIT (PERMIT),ESTUARINE WATER,7.6,NA,31000
2021-11-18,SO-E0007220,ALPHA LAKE OUTLET,570951,175988,Southern,SOUTHERN - KENT AND SOUTH LONDON,L&W KENT AND SOUTH LONDON (SO),OPEN,WASTE SITE - INDUSTRIAL LANDFILL,2021-11-18T10:42:00Z,COMPLIANCE AUDIT (PERMIT),ESTUARINE WATER,8.1,NA,31000
2021-12-06,SO-E0007220,ALPHA LAKE OUTLET,570951,175988,Southern,SOUTHERN - KENT AND SOUTH LONDON,L&W KENT AND SOUTH LONDON (SO),OPEN,WASTE SITE - INDUSTRIAL LANDFILL,2021-12-06T09:42:00Z,COMPLIANCE AUDIT (PERMIT),ESTUARINE WATER,8.1,NA,31000
2022-02-22,SO-E0007220,ALPHA LAKE OUTLET,570951,175988,Southern,SOUTHERN - KENT AND SOUTH LONDON,L&W KENT AND SOUTH LONDON (SO),OPEN,WASTE SITE - INDUSTRIAL LANDFILL,2022-02-22T10:54:00Z,COMPLIANCE AUDIT (PERMIT),ESTUARINE WATER,8.3,NA,29000
2022-03-17,SO-E0007220,ALPHA LAKE OUTLET,570951,175988,Southern,SOUTHERN - KENT AND SOUTH LONDON,L&W KENT AND SOUTH LONDON (SO),OPEN,WASTE SITE - INDUSTRIAL LANDFILL,2022-03-17T09:26:00Z,COMPLIANCE AUDIT (PERMIT),ESTUARINE WATER,8.3,NA,28000
2022-06-08,SO-E0007220,ALPHA LAKE OUTLET,570951,175988,Southern,SOUTHERN - KENT AND SOUTH LONDON,L&W KENT AND SOUTH LONDON (SO),OPEN,WASTE SITE - INDUSTRIAL LANDFILL,2022-06-08T12:34:00Z,COMPLIANCE AUDIT (PERMIT),ESTUARINE WATER,7.9,NA,33000
2022-07-22,SO-E0007220,ALPHA LAKE OUTLET,570951,175988,Southern,SOUTHERN - KENT AND SOUTH LONDON,L&W KENT AND SOUTH LONDON (SO),OPEN,WASTE SITE - INDUSTRIAL LANDFILL,2022-07-22T11:14:00Z,COMPLIANCE AUDIT (PERMIT),ESTUARINE WATER,8.4,NA,33000
2022-08-19,SO-E0007220,ALPHA LAKE OUTLET,570951,175988,Southern,SOUTHERN - KENT AND SOUTH LONDON,L&W KENT AND SOUTH LONDON (SO),OPEN,WASTE SITE - INDUSTRIAL LANDFILL,2022-08-19T08:42:00Z,COMPLIANCE AUDIT (PERMIT),ESTUARINE WATER,7.4,NA,33000
2022-11-28,SO-E0007220,ALPHA LAKE OUTLET,570951,175988,Southern,SOUTHERN - KENT AND SOUTH LONDON,L&W KENT AND SOUTH LONDON (SO),OPEN,WASTE SITE - INDUSTRIAL LANDFILL,2022-11-28T12:32:00Z,COMPLIANCE AUDIT (PERMIT),ESTUARINE WATER,8,NA,32000
2022-12-16,SO-E0007220,ALPHA LAKE OUTLET,570951,175988,Southern,SOUTHERN - KENT AND SOUTH LONDON,L&W KENT AND SOUTH LONDON (SO),OPEN,WASTE SITE - INDUSTRIAL LANDFILL,2022-12-16T11:31:00Z,COMPLIANCE AUDIT (PERMIT),ESTUARINE WATER,8.1,NA,32000
2023-01-27,SO-E0007220,ALPHA LAKE OUTLET,570951,175988,Southern,SOUTHERN - KENT AND SOUTH LONDON,L&W KENT AND SOUTH LONDON (SO),OPEN,WASTE SITE - INDUSTRIAL LANDFILL,2023-01-27T11:39:00Z,COMPLIANCE AUDIT (PERMIT),ESTUARINE WATER,8,NA,30000
2023-02-14,SO-E0007220,ALPHA LAKE OUTLET,570951,175988,Southern,SOUTHERN - KENT AND SOUTH LONDON,L&W KENT AND SOUTH LONDON (SO),OPEN,WASTE SITE - INDUSTRIAL LANDFILL,2023-02-14T12:38:00Z,COMPLIANCE AUDIT (PERMIT),ESTUARINE WATER,8.4,NA,30000
2023-03-22,SO-E0007220,ALPHA LAKE OUTLET,570951,175988,Southern,SOUTHERN - KENT AND SOUTH LONDON,L&W KENT AND SOUTH LONDON (SO),OPEN,WASTE SITE - INDUSTRIAL LANDFILL,2023-03-22T10:31:00Z,COMPLIANCE AUDIT (PERMIT),ESTUARINE WATER,8.2,NA,30000
2023-05-30,SO-E0007220,ALPHA LAKE OUTLET,570951,175988,Southern,SOUTHERN - KENT AND SOUTH LONDON,L&W KENT AND SOUTH LONDON (SO),OPEN,WASTE SITE - INDUSTRIAL LANDFILL,2023-05-30T13:20:00Z,COMPLIANCE AUDIT (PERMIT),ESTUARINE WATER,NA,NA,30000
2023-06-15,SO-E0007220,ALPHA LAKE OUTLET,570951,175988,Southern,SOUTHERN - KENT AND SOUTH LONDON,L&W KENT AND SOUTH LONDON (SO),OPEN,WASTE SITE - INDUSTRIAL LANDFILL,2023-06-15T12:24:00Z,COMPLIANCE AUDIT (PERMIT),ESTUARINE WATER,NA,NA,30000
2023-09-28,SO-E0007220,ALPHA LAKE OUTLET,570951,175988,Southern,SOUTHERN - KENT AND SOUTH LONDON,L&W KENT AND SOUTH LONDON (SO),OPEN,WASTE SITE - INDUSTRIAL LANDFILL,2023-09-28T13:09:00Z,COMPLIANCE AUDIT (PERMIT),ESTUARINE WATER,NA,NA,33000
2023-10-26,SO-E0007220,ALPHA LAKE OUTLET,570951,175988,Southern,SOUTHERN - KENT AND SOUTH LONDON,L&W KENT AND SOUTH LONDON (SO),OPEN,WASTE SITE - INDUSTRIAL LANDFILL,2023-10-26T13:44:00Z,COMPLIANCE AUDIT (PERMIT),ESTUARINE WATER,NA,NA,33000
2023-11-21,SO-E0007220,ALPHA LAKE OUTLET,570951,175988,Southern,SOUTHERN - KENT AND SOUTH LONDON,L&W KENT AND SOUTH LONDON (SO),OPEN,WASTE SITE - INDUSTRIAL LANDFILL,2023-11-21T13:01:00Z,COMPLIANCE AUDIT (PERMIT),ESTUARINE WATER,NA,NA,31000
2023-12-14,SO-E0007220,ALPHA LAKE OUTLET,570951,175988,Southern,SOUTHERN - KENT AND SOUTH LONDON,L&W KENT AND SOUTH LONDON (SO),OPEN,WASTE SITE - INDUSTRIAL LANDFILL,2023-12-14T11:44:00Z,COMPLIANCE AUDIT (PERMIT),ESTUARINE WATER,NA,NA,30000
2024-01-17,SO-E0007220,ALPHA LAKE OUTLET,570951,175988,Southern,SOUTHERN - KENT AND SOUTH LONDON,L&W KENT AND SOUTH LONDON (SO),OPEN,WASTE SITE - INDUSTRIAL LANDFILL,2024-01-17T12:20:00Z,COMPLIANCE AUDIT (PERMIT),ESTUARINE WATER,NA,NA,30000
2024-02-22,SO-E0007220,ALPHA LAKE OUTLET,570951,175988,Southern,SOUTHERN - KENT AND SOUTH LONDON,L&W KENT AND SOUTH LONDON (SO),OPEN,WASTE SITE - INDUSTRIAL LANDFILL,2024-02-22T12:20:00Z,COMPLIANCE AUDIT (PERMIT),ESTUARINE WATER,NA,NA,27000
2024-03-20,SO-E0007220,ALPHA LAKE OUTLET,570951,175988,Southern,SOUTHERN - KENT AND SOUTH LONDON,L&W KENT AND SOUTH LONDON (SO),OPEN,WASTE SITE - INDUSTRIAL LANDFILL,2024-03-20T11:39:00Z,COMPLIANCE AUDIT (PERMIT),ESTUARINE WATER,NA,NA,27000
2024-05-29,SO-E0007220,ALPHA LAKE OUTLET,570951,175988,Southern,SOUTHERN - KENT AND SOUTH LONDON,L&W KENT AND SOUTH LONDON (SO),OPEN,WASTE SITE - INDUSTRIAL LANDFILL,2024-05-29T09:02:00Z,COMPLIANCE AUDIT (PERMIT),ESTUARINE WATER,8.12,NA,NA
2024-06-13,SO-E0007220,ALPHA LAKE OUTLET,570951,175988,Southern,SOUTHERN - KENT AND SOUTH LONDON,L&W KENT AND SOUTH LONDON (SO),OPEN,WASTE SITE - INDUSTRIAL LANDFILL,2024-06-13T08:17:00Z,COMPLIANCE AUDIT (PERMIT),ESTUARINE WATER,8.65,NA,NA
2024-07-10,SO-E0007220,ALPHA LAKE OUTLET,570951,175988,Southern,SOUTHERN - KENT AND SOUTH LONDON,L&W KENT AND SOUTH LONDON (SO),OPEN,WASTE SITE - INDUSTRIAL LANDFILL,2024-07-10T10:00:00Z,COMPLIANCE AUDIT (PERMIT),ESTUARINE WATER,8.51,NA,NA
2024-08-08,SO-E0007220,ALPHA LAKE OUTLET,570951,175988,Southern,SOUTHERN - KENT AND SOUTH LONDON,L&W KENT AND SOUTH LONDON (SO),OPEN,WASTE SITE - INDUSTRIAL LANDFILL,2024-08-08T09:03:00Z,COMPLIANCE AUDIT (PERMIT),ESTUARINE WATER,8.83,NA,27000
2024-09-04,SO-E0007220,ALPHA LAKE OUTLET,570951,175988,Southern,SOUTHERN - KENT AND SOUTH LONDON,L&W KENT AND SOUTH LONDON (SO),OPEN,WASTE SITE - INDUSTRIAL LANDFILL,2024-09-04T11:00:00Z,COMPLIANCE AUDIT (PERMIT),ESTUARINE WATER,8.56,NA,27000
2024-10-23,SO-E0007220,ALPHA LAKE OUTLET,570951,175988,Southern,SOUTHERN - KENT AND SOUTH LONDON,L&W KENT AND SOUTH LONDON (SO),OPEN,WASTE SITE - INDUSTRIAL LANDFILL,2024-10-23T11:05:00Z,COMPLIANCE AUDIT (PERMIT),ESTUARINE WATER,8.37,NA,26000
2024-11-20,SO-E0007220,ALPHA LAKE OUTLET,570951,175988,Southern,SOUTHERN - KENT AND SOUTH LONDON,L&W KENT AND SOUTH LONDON (SO),OPEN,WASTE SITE - INDUSTRIAL LANDFILL,2024-11-20T12:13:00Z,COMPLIANCE AUDIT (PERMIT),ESTUARINE WATER,8.3,NA,26000
2024-12-12,SO-E0007220,ALPHA LAKE OUTLET,570951,175988,Southern,SOUTHERN - KENT AND SOUTH LONDON,L&W KENT AND SOUTH LONDON (SO),OPEN,WASTE SITE - INDUSTRIAL LANDFILL,2024-12-12T11:43:00Z,COMPLIANCE AUDIT (PERMIT),ESTUARINE WATER,8.17,NA,24000
2025-01-27,SO-E0007220,ALPHA LAKE OUTLET,570951,175988,Southern,SOUTHERN - KENT AND SOUTH LONDON,L&W KENT AND SOUTH LONDON (SO),OPEN,WASTE SITE - INDUSTRIAL LANDFILL,2025-01-27T12:36:00Z,COMPLIANCE AUDIT (PERMIT),ESTUARINE WATER,8.31,NA,25000
2025-02-18,SO-E0007220,ALPHA LAKE OUTLET,570951,175988,Southern,SOUTHERN - KENT AND SOUTH LONDON,L&W KENT AND SOUTH LONDON (SO),OPEN,WASTE SITE - INDUSTRIAL LANDFILL,2025-02-18T12:43:00Z,COMPLIANCE AUDIT (PERMIT),ESTUARINE WATER,8.53,NA,23000
2025-03-18,SO-E0007220,ALPHA LAKE OUTLET,570951,175988,Southern,SOUTHERN - KENT AND SOUTH LONDON,L&W KENT AND SOUTH LONDON (SO),OPEN,WASTE SITE - INDUSTRIAL LANDFILL,2025-03-18T13:03:00Z,COMPLIANCE AUDIT (PERMIT),ESTUARINE WATER,8.74,NA,22000
2025-04-16,SO-E0007220,ALPHA LAKE OUTLET,570951,175988,Southern,SOUTHERN - KENT AND SOUTH LONDON,L&W KENT AND SOUTH LONDON (SO),OPEN,WASTE SITE - INDUSTRIAL LANDFILL,2025-04-16T11:19:00Z,COMPLIANCE AUDIT (PERMIT),ESTUARINE WATER,8.16,NA,22000
2025-05-19,SO-E0007220,ALPHA LAKE OUTLET,570951,175988,Southern,SOUTHERN - KENT AND SOUTH LONDON,L&W KENT AND SOUTH LONDON (SO),OPEN,WASTE SITE - INDUSTRIAL LANDFILL,2025-05-19T13:01:00Z,COMPLIANCE AUDIT (PERMIT),ESTUARINE WATER,8.4,NA,19000
2025-06-18,SO-E0007220,ALPHA LAKE OUTLET,570951,175988,Southern,SOUTHERN - KENT AND SOUTH LONDON,L&W KENT AND SOUTH LONDON (SO),OPEN,WASTE SITE - INDUSTRIAL LANDFILL,2025-06-18T10:58:00Z,COMPLIANCE AUDIT (PERMIT),ESTUARINE WATER,8.58,NA,23000
2025-07-28,SO-E0007220,ALPHA LAKE OUTLET,570951,175988,Southern,SOUTHERN - KENT AND SOUTH LONDON,L&W KENT AND SOUTH LONDON (SO),OPEN,WASTE SITE - INDUSTRIAL LANDFILL,2025-07-28T10:37:00Z,COMPLIANCE AUDIT (PERMIT),ESTUARINE WATER,8.67,NA,23000
2025-08-18,SO-E0007220,ALPHA LAKE OUTLET,570951,175988,Southern,SOUTHERN - KENT AND SOUTH LONDON,L&W KENT AND SOUTH LONDON (SO),OPEN,WASTE SITE - INDUSTRIAL LANDFILL,2025-08-18T10:28:00Z,COMPLIANCE AUDIT (PERMIT),ESTUARINE WATER,8.61,NA,23000
2025-09-22,SO-E0007220,ALPHA LAKE OUTLET,570951,175988,Southern,SOUTHERN - KENT AND SOUTH LONDON,L&W KENT AND SOUTH LONDON (SO),OPEN,WASTE SITE - INDUSTRIAL LANDFILL,2025-09-22T11:10:00Z,COMPLIANCE AUDIT (PERMIT),ESTUARINE WATER,8.3,NA,24000
2025-11-21,SO-E0007220,ALPHA LAKE OUTLET,570951,175988,Southern,SOUTHERN - KENT AND SOUTH LONDON,L&W KENT AND SOUTH LONDON (SO),OPEN,WASTE SITE - INDUSTRIAL LANDFILL,2025-11-21T10:59:00Z,COMPLIANCE AUDIT (PERMIT),ESTUARINE WATER,7.95,NA,24000
2025-12-16,SO-E0007220,ALPHA LAKE OUTLET,570951,175988,Southern,SOUTHERN - KENT AND SOUTH LONDON,L&W KENT AND SOUTH LONDON (SO),OPEN,WASTE SITE - INDUSTRIAL LANDFILL,2025-12-16T11:03:00Z,COMPLIANCE AUDIT (PERMIT),ESTUARINE WATER,7.83,NA,22000
2020-01-10,SO-E0007235,BUCKLAND LAKE SOUTH,572961,175501,Southern,SOUTHERN - KENT AND SOUTH LONDON,L&W KENT AND SOUTH LONDON (SO),OPEN,WASTE SITE - INDUSTRIAL LANDFILL,2020-01-10T12:56:00Z,PLANNED INVESTIGATION (NATIONAL AGENCY POLICY),POND / LAKE / RESERVOIR WATER,8.23,7.1,2104
2020-02-25,SO-E0007235,BUCKLAND LAKE SOUTH,572961,175501,Southern,SOUTHERN - KENT AND SOUTH LONDON,L&W KENT AND SOUTH LONDON (SO),OPEN,WASTE SITE - INDUSTRIAL LANDFILL,2020-02-25T08:35:00Z,PLANNED INVESTIGATION (NATIONAL AGENCY POLICY),POND / LAKE / RESERVOIR WATER,8.28,7.1,2048
2020-03-18,SO-E0007235,BUCKLAND LAKE SOUTH,572961,175501,Southern,SOUTHERN - KENT AND SOUTH LONDON,L&W KENT AND SOUTH LONDON (SO),OPEN,WASTE SITE - INDUSTRIAL LANDFILL,2020-03-18T08:34:00Z,PLANNED INVESTIGATION (NATIONAL AGENCY POLICY),POND / LAKE / RESERVOIR WATER,8.37,8.7,2005
2021-01-14,SO-E0007235,BUCKLAND LAKE SOUTH,572961,175501,Southern,SOUTHERN - KENT AND SOUTH LONDON,L&W KENT AND SOUTH LONDON (SO),OPEN,WASTE SITE - INDUSTRIAL LANDFILL,2021-01-14T13:14:00Z,PLANNED INVESTIGATION (NATIONAL AGENCY POLICY),POND / LAKE / RESERVOIR WATER,8.18,5.3,2037
2021-02-25,SO-E0007235,BUCKLAND LAKE SOUTH,572961,175501,Southern,SOUTHERN - KENT AND SOUTH LONDON,L&W KENT AND SOUTH LONDON (SO),OPEN,WASTE SITE - INDUSTRIAL LANDFILL,2021-02-25T11:57:00Z,PLANNED INVESTIGATION (NATIONAL AGENCY POLICY),POND / LAKE / RESERVOIR WATER,8.26,8.1,1972
2021-03-23,SO-E0007235,BUCKLAND LAKE SOUTH,572961,175501,Southern,SOUTHERN - KENT AND SOUTH LONDON,L&W KENT AND SOUTH LONDON (SO),OPEN,WASTE SITE - INDUSTRIAL LANDFILL,2021-03-23T11:51:00Z,PLANNED INVESTIGATION (NATIONAL AGENCY POLICY),POND / LAKE / RESERVOIR WATER,8.63,8.2,1966
2021-04-26,SO-E0007235,BUCKLAND LAKE SOUTH,572961,175501,Southern,SOUTHERN - KENT AND SOUTH LONDON,L&W KENT AND SOUTH LONDON (SO),OPEN,WASTE SITE - INDUSTRIAL LANDFILL,2021-04-26T11:11:00Z,PLANNED INVESTIGATION (NATIONAL AGENCY POLICY),POND / LAKE / RESERVOIR WATER,8.49,10.1,1975
2021-05-20,SO-E0007235,BUCKLAND LAKE SOUTH,572961,175501,Southern,SOUTHERN - KENT AND SOUTH LONDON,L&W KENT AND SOUTH LONDON (SO),OPEN,WASTE SITE - INDUSTRIAL LANDFILL,2021-05-20T13:16:00Z,PLANNED INVESTIGATION (NATIONAL AGENCY POLICY),POND / LAKE / RESERVOIR WATER,8.63,13.8,1560
2021-06-08,SO-E0007235,BUCKLAND LAKE SOUTH,572961,175501,Southern,SOUTHERN - KENT AND SOUTH LONDON,L&W KENT AND SOUTH LONDON (SO),OPEN,WASTE SITE - INDUSTRIAL LANDFILL,2021-06-08T09:34:00Z,PLANNED INVESTIGATION (NATIONAL AGENCY POLICY),POND / LAKE / RESERVOIR WATER,8.57,19.3,2013
2021-07-21,SO-E0007235,BUCKLAND LAKE SOUTH,572961,175501,Southern,SOUTHERN - KENT AND SOUTH LONDON,L&W KENT AND SOUTH LONDON (SO),OPEN,WASTE SITE - INDUSTRIAL LANDFILL,2021-07-21T09:03:00Z,PLANNED INVESTIGATION (NATIONAL AGENCY POLICY),POND / LAKE / RESERVOIR WATER,8.7,23,1941
2021-08-18,SO-E0007235,BUCKLAND LAKE SOUTH,572961,175501,Southern,SOUTHERN - KENT AND SOUTH LONDON,L&W KENT AND SOUTH LONDON (SO),OPEN,WASTE SITE - INDUSTRIAL LANDFILL,2021-08-18T09:44:00Z,PLANNED INVESTIGATION (NATIONAL AGENCY POLICY),POND / LAKE / RESERVOIR WATER,8.42,19,1942
2021-09-20,SO-E0007235,BUCKLAND LAKE SOUTH,572961,175501,Southern,SOUTHERN - KENT AND SOUTH LONDON,L&W KENT AND SOUTH LONDON (SO),OPEN,WASTE SITE - INDUSTRIAL LANDFILL,2021-09-20T10:19:00Z,PLANNED INVESTIGATION (NATIONAL AGENCY POLICY),POND / LAKE / RESERVOIR WATER,8.64,18.8,1921
2021-10-15,SO-E0007235,BUCKLAND LAKE SOUTH,572961,175501,Southern,SOUTHERN - KENT AND SOUTH LONDON,L&W KENT AND SOUTH LONDON (SO),OPEN,WASTE SITE - INDUSTRIAL LANDFILL,2021-10-15T12:21:00Z,PLANNED INVESTIGATION (NATIONAL AGENCY POLICY),POND / LAKE / RESERVOIR WATER,8.25,14.9,2319
2021-11-18,SO-E0007235,BUCKLAND LAKE SOUTH,572961,175501,Southern,SOUTHERN - KENT AND SOUTH LONDON,L&W KENT AND SOUTH LONDON (SO),OPEN,WASTE SITE - INDUSTRIAL LANDFILL,2021-11-18T09:38:00Z,PLANNED INVESTIGATION (NATIONAL AGENCY POLICY),POND / LAKE / RESERVOIR WATER,7.99,10.1,1933
2021-12-06,SO-E0007235,BUCKLAND LAKE SOUTH,572961,175501,Southern,SOUTHERN - KENT AND SOUTH LONDON,L&W KENT AND SOUTH LONDON (SO),OPEN,WASTE SITE - INDUSTRIAL LANDFILL,2021-12-06T11:08:00Z,PLANNED INVESTIGATION (NATIONAL AGENCY POLICY),POND / LAKE / RESERVOIR WATER,8.16,6.8,2288
2022-01-18,SO-E0007235,BUCKLAND LAKE SOUTH,572961,175501,Southern,SOUTHERN - KENT AND SOUTH LONDON,L&W KENT AND SOUTH LONDON (SO),OPEN,WASTE SITE - INDUSTRIAL LANDFILL,2022-01-18T10:34:00Z,PLANNED INVESTIGATION (NATIONAL AGENCY POLICY),POND / LAKE / RESERVOIR WATER,8.51,5.4,1978
2022-02-22,SO-E0007235,BUCKLAND LAKE SOUTH,572961,175501,Southern,SOUTHERN - KENT AND SOUTH LONDON,L&W KENT AND SOUTH LONDON (SO),OPEN,WASTE SITE - INDUSTRIAL LANDFILL,2022-02-22T11:27:00Z,PLANNED INVESTIGATION (NATIONAL AGENCY POLICY),POND / LAKE / RESERVOIR WATER,8.65,7.6,2257
2022-03-17,SO-E0007235,BUCKLAND LAKE SOUTH,572961,175501,Southern,SOUTHERN - KENT AND SOUTH LONDON,L&W KENT AND SOUTH LONDON (SO),OPEN,WASTE SITE - INDUSTRIAL LANDFILL,2022-03-17T11:29:00Z,PLANNED INVESTIGATION (NATIONAL AGENCY POLICY),POND / LAKE / RESERVOIR WATER,8.73,8.5,1957
2025-05-30,SO-E0007235,BUCKLAND LAKE SOUTH,572961,175501,Southern,SOUTHERN - KENT AND SOUTH LONDON,L&W KENT AND SOUTH LONDON (SO),OPEN,WASTE SITE - INDUSTRIAL LANDFILL,2025-05-30T10:21:00Z,PLANNED INVESTIGATION (LOCAL MONITORING),POND / LAKE / RESERVOIR WATER,8.49,17.8,1807
2025-10-09,SO-E0007235,BUCKLAND LAKE SOUTH,572961,175501,Southern,SOUTHERN - KENT AND SOUTH LONDON,L&W KENT AND SOUTH LONDON (SO),OPEN,WASTE SITE - INDUSTRIAL LANDFILL,2025-10-09T11:58:00Z,PLANNED INVESTIGATION (LOCAL MONITORING),POND / LAKE / RESERVOIR WATER,8.42,14.8,1836
2025-11-20,SO-E0007235,BUCKLAND LAKE SOUTH,572961,175501,Southern,SOUTHERN - KENT AND SOUTH LONDON,L&W KENT AND SOUTH LONDON (SO),OPEN,WASTE SITE - INDUSTRIAL LANDFILL,2025-11-20T11:02:00Z,PLANNED INVESTIGATION (LOCAL MONITORING),POND / LAKE / RESERVOIR WATER,7.96,8.6,1844
2020-01-10,SO-E0007223,CLIFFE POOL CAR PARK,572261,176041,Southern,SOUTHERN - KENT AND SOUTH LONDON,L&W KENT AND SOUTH LONDON (SO),OPEN,WASTE SITE - INDUSTRIAL LANDFILL,2020-01-10T10:17:00Z,COMPLIANCE AUDIT (PERMIT),ESTUARINE WATER,8.54,NA,38944
2020-02-25,SO-E0007223,CLIFFE POOL CAR PARK,572261,176041,Southern,SOUTHERN - KENT AND SOUTH LONDON,L&W KENT AND SOUTH LONDON (SO),OPEN,WASTE SITE - INDUSTRIAL LANDFILL,2020-02-25T10:39:00Z,COMPLIANCE AUDIT (PERMIT),ESTUARINE WATER,8.55,NA,37817
2020-03-18,SO-E0007223,CLIFFE POOL CAR PARK,572261,176041,Southern,SOUTHERN - KENT AND SOUTH LONDON,L&W KENT AND SOUTH LONDON (SO),OPEN,WASTE SITE - INDUSTRIAL LANDFILL,2020-03-18T11:01:00Z,COMPLIANCE AUDIT (PERMIT),ESTUARINE WATER,8.61,NA,36777
2021-10-15,SO-E0007223,CLIFFE POOL CAR PARK,572261,176041,Southern,SOUTHERN - KENT AND SOUTH LONDON,L&W KENT AND SOUTH LONDON (SO),OPEN,WASTE SITE - INDUSTRIAL LANDFILL,2021-10-15T09:35:00Z,COMPLIANCE AUDIT (PERMIT),ESTUARINE WATER,8.52,NA,37601
2021-11-18,SO-E0007223,CLIFFE POOL CAR PARK,572261,176041,Southern,SOUTHERN - KENT AND SOUTH LONDON,L&W KENT AND SOUTH LONDON (SO),OPEN,WASTE SITE - INDUSTRIAL LANDFILL,2021-11-18T11:01:00Z,COMPLIANCE AUDIT (PERMIT),ESTUARINE WATER,8.55,NA,38331
2021-12-06,SO-E0007223,CLIFFE POOL CAR PARK,572261,176041,Southern,SOUTHERN - KENT AND SOUTH LONDON,L&W KENT AND SOUTH LONDON (SO),OPEN,WASTE SITE - INDUSTRIAL LANDFILL,2021-12-06T10:38:00Z,COMPLIANCE AUDIT (PERMIT),ESTUARINE WATER,8.44,NA,38600
2022-01-18,SO-E0007223,CLIFFE POOL CAR PARK,572261,176041,Southern,SOUTHERN - KENT AND SOUTH LONDON,L&W KENT AND SOUTH LONDON (SO),OPEN,WASTE SITE - INDUSTRIAL LANDFILL,2022-01-18T09:10:00Z,COMPLIANCE AUDIT (PERMIT),ESTUARINE WATER,8.64,NA,38095
2022-02-22,SO-E0007223,CLIFFE POOL CAR PARK,572261,176041,Southern,SOUTHERN - KENT AND SOUTH LONDON,L&W KENT AND SOUTH LONDON (SO),OPEN,WASTE SITE - INDUSTRIAL LANDFILL,2022-02-22T09:08:00Z,COMPLIANCE AUDIT (PERMIT),ESTUARINE WATER,8.92,NA,38137
2022-03-17,SO-E0007223,CLIFFE POOL CAR PARK,572261,176041,Southern,SOUTHERN - KENT AND SOUTH LONDON,L&W KENT AND SOUTH LONDON (SO),OPEN,WASTE SITE - INDUSTRIAL LANDFILL,2022-03-17T08:19:00Z,COMPLIANCE AUDIT (PERMIT),ESTUARINE WATER,8.85,NA,37592
2022-05-11,SO-E0007223,CLIFFE POOL CAR PARK,572261,176041,Southern,SOUTHERN - KENT AND SOUTH LONDON,L&W KENT AND SOUTH LONDON (SO),OPEN,WASTE SITE - INDUSTRIAL LANDFILL,2022-05-11T11:28:00Z,COMPLIANCE AUDIT (PERMIT),ESTUARINE WATER,8.72,NA,38076
2022-06-08,SO-E0007223,CLIFFE POOL CAR PARK,572261,176041,Southern,SOUTHERN - KENT AND SOUTH LONDON,L&W KENT AND SOUTH LONDON (SO),OPEN,WASTE SITE - INDUSTRIAL LANDFILL,2022-06-08T09:51:00Z,COMPLIANCE AUDIT (PERMIT),ESTUARINE WATER,8.48,NA,37620
2022-07-22,SO-E0007223,CLIFFE POOL CAR PARK,572261,176041,Southern,SOUTHERN - KENT AND SOUTH LONDON,L&W KENT AND SOUTH LONDON (SO),OPEN,WASTE SITE - INDUSTRIAL LANDFILL,2022-07-22T10:02:00Z,COMPLIANCE AUDIT (PERMIT),ESTUARINE WATER,8.68,NA,20691
2022-08-19,SO-E0007223,CLIFFE POOL CAR PARK,572261,176041,Southern,SOUTHERN - KENT AND SOUTH LONDON,L&W KENT AND SOUTH LONDON (SO),OPEN,WASTE SITE - INDUSTRIAL LANDFILL,2022-08-19T08:48:00Z,COMPLIANCE AUDIT (PERMIT),ESTUARINE WATER,8.67,NA,40556
2022-11-28,SO-E0007223,CLIFFE POOL CAR PARK,572261,176041,Southern,SOUTHERN - KENT AND SOUTH LONDON,L&W KENT AND SOUTH LONDON (SO),OPEN,WASTE SITE - INDUSTRIAL LANDFILL,2022-11-28T11:35:00Z,COMPLIANCE AUDIT (PERMIT),ESTUARINE WATER,8.53,NA,40436
2022-12-16,SO-E0007223,CLIFFE POOL CAR PARK,572261,176041,Southern,SOUTHERN - KENT AND SOUTH LONDON,L&W KENT AND SOUTH LONDON (SO),OPEN,WASTE SITE - INDUSTRIAL LANDFILL,2022-12-16T10:36:00Z,COMPLIANCE AUDIT (PERMIT),ESTUARINE WATER,8.6,NA,41290
2023-01-27,SO-E0007223,CLIFFE POOL CAR PARK,572261,176041,Southern,SOUTHERN - KENT AND SOUTH LONDON,L&W KENT AND SOUTH LONDON (SO),OPEN,WASTE SITE - INDUSTRIAL LANDFILL,2023-01-27T10:11:00Z,COMPLIANCE AUDIT (PERMIT),ESTUARINE WATER,8.31,NA,39925
2023-02-14,SO-E0007223,CLIFFE POOL CAR PARK,572261,176041,Southern,SOUTHERN - KENT AND SOUTH LONDON,L&W KENT AND SOUTH LONDON (SO),OPEN,WASTE SITE - INDUSTRIAL LANDFILL,2023-02-14T09:13:00Z,COMPLIANCE AUDIT (PERMIT),ESTUARINE WATER,8.32,NA,39887
2023-03-22,SO-E0007223,CLIFFE POOL CAR PARK,572261,176041,Southern,SOUTHERN - KENT AND SOUTH LONDON,L&W KENT AND SOUTH LONDON (SO),OPEN,WASTE SITE - INDUSTRIAL LANDFILL,2023-03-22T11:48:00Z,COMPLIANCE AUDIT (PERMIT),ESTUARINE WATER,8.96,NA,38949
2023-05-30,SO-E0007223,CLIFFE POOL CAR PARK,572261,176041,Southern,SOUTHERN - KENT AND SOUTH LONDON,L&W KENT AND SOUTH LONDON (SO),OPEN,WASTE SITE - INDUSTRIAL LANDFILL,2023-05-30T09:43:00Z,COMPLIANCE AUDIT (PERMIT),ESTUARINE WATER,8.54,NA,377705
2023-06-15,SO-E0007223,CLIFFE POOL CAR PARK,572261,176041,Southern,SOUTHERN - KENT AND SOUTH LONDON,L&W KENT AND SOUTH LONDON (SO),OPEN,WASTE SITE - INDUSTRIAL LANDFILL,2023-06-15T11:34:00Z,COMPLIANCE AUDIT (PERMIT),ESTUARINE WATER,8.49,NA,39895
2023-09-28,SO-E0007223,CLIFFE POOL CAR PARK,572261,176041,Southern,SOUTHERN - KENT AND SOUTH LONDON,L&W KENT AND SOUTH LONDON (SO),OPEN,WASTE SITE - INDUSTRIAL LANDFILL,2023-09-28T11:44:00Z,COMPLIANCE AUDIT (PERMIT),ESTUARINE WATER,8.31,NA,41839
2023-10-26,SO-E0007223,CLIFFE POOL CAR PARK,572261,176041,Southern,SOUTHERN - KENT AND SOUTH LONDON,L&W KENT AND SOUTH LONDON (SO),OPEN,WASTE SITE - INDUSTRIAL LANDFILL,2023-10-26T12:15:00Z,COMPLIANCE AUDIT (PERMIT),ESTUARINE WATER,8.43,NA,41725
2023-11-21,SO-E0007223,CLIFFE POOL CAR PARK,572261,176041,Southern,SOUTHERN - KENT AND SOUTH LONDON,L&W KENT AND SOUTH LONDON (SO),OPEN,WASTE SITE - INDUSTRIAL LANDFILL,2023-11-21T11:21:00Z,COMPLIANCE AUDIT (PERMIT),ESTUARINE WATER,8.65,NA,40867
2023-12-14,SO-E0007223,CLIFFE POOL CAR PARK,572261,176041,Southern,SOUTHERN - KENT AND SOUTH LONDON,L&W KENT AND SOUTH LONDON (SO),OPEN,WASTE SITE - INDUSTRIAL LANDFILL,2023-12-14T10:26:00Z,COMPLIANCE AUDIT (PERMIT),ESTUARINE WATER,8.85,NA,40235
2024-01-17,SO-E0007223,CLIFFE POOL CAR PARK,572261,176041,Southern,SOUTHERN - KENT AND SOUTH LONDON,L&W KENT AND SOUTH LONDON (SO),OPEN,WASTE SITE - INDUSTRIAL LANDFILL,2024-01-17T10:38:00Z,COMPLIANCE AUDIT (PERMIT),ESTUARINE WATER,8.56,NA,40685
2024-02-22,SO-E0007223,CLIFFE POOL CAR PARK,572261,176041,Southern,SOUTHERN - KENT AND SOUTH LONDON,L&W KENT AND SOUTH LONDON (SO),OPEN,WASTE SITE - INDUSTRIAL LANDFILL,2024-02-22T10:49:00Z,COMPLIANCE AUDIT (PERMIT),ESTUARINE WATER,8.48,NA,39276
2024-03-20,SO-E0007223,CLIFFE POOL CAR PARK,572261,176041,Southern,SOUTHERN - KENT AND SOUTH LONDON,L&W KENT AND SOUTH LONDON (SO),OPEN,WASTE SITE - INDUSTRIAL LANDFILL,2024-03-20T09:49:00Z,COMPLIANCE AUDIT (PERMIT),ESTUARINE WATER,8.54,NA,38414
2024-04-24,SO-E0007223,CLIFFE POOL CAR PARK,572261,176041,Southern,SOUTHERN - KENT AND SOUTH LONDON,L&W KENT AND SOUTH LONDON (SO),OPEN,WASTE SITE - INDUSTRIAL LANDFILL,2024-04-24T11:21:00Z,COMPLIANCE AUDIT (PERMIT),ESTUARINE WATER,8.63,NA,39091
2024-05-29,SO-E0007223,CLIFFE POOL CAR PARK,572261,176041,Southern,SOUTHERN - KENT AND SOUTH LONDON,L&W KENT AND SOUTH LONDON (SO),OPEN,WASTE SITE - INDUSTRIAL LANDFILL,2024-05-29T08:55:00Z,COMPLIANCE AUDIT (PERMIT),ESTUARINE WATER,8.59,NA,38680
2024-06-13,SO-E0007223,CLIFFE POOL CAR PARK,572261,176041,Southern,SOUTHERN - KENT AND SOUTH LONDON,L&W KENT AND SOUTH LONDON (SO),OPEN,WASTE SITE - INDUSTRIAL LANDFILL,2024-06-13T08:47:00Z,COMPLIANCE AUDIT (PERMIT),ESTUARINE WATER,8.66,NA,38962
2024-07-10,SO-E0007223,CLIFFE POOL CAR PARK,572261,176041,Southern,SOUTHERN - KENT AND SOUTH LONDON,L&W KENT AND SOUTH LONDON (SO),OPEN,WASTE SITE - INDUSTRIAL LANDFILL,2024-07-10T09:04:00Z,COMPLIANCE AUDIT (PERMIT),ESTUARINE WATER,8.43,NA,39321
2024-08-08,SO-E0007223,CLIFFE POOL CAR PARK,572261,176041,Southern,SOUTHERN - KENT AND SOUTH LONDON,L&W KENT AND SOUTH LONDON (SO),OPEN,WASTE SITE - INDUSTRIAL LANDFILL,2024-08-08T09:20:00Z,COMPLIANCE AUDIT (PERMIT),ESTUARINE WATER,8.44,NA,39940
2024-09-04,SO-E0007223,CLIFFE POOL CAR PARK,572261,176041,Southern,SOUTHERN - KENT AND SOUTH LONDON,L&W KENT AND SOUTH LONDON (SO),OPEN,WASTE SITE - INDUSTRIAL LANDFILL,2024-09-04T09:01:00Z,COMPLIANCE AUDIT (PERMIT),ESTUARINE WATER,8.34,NA,41175
2024-10-23,SO-E0007223,CLIFFE POOL CAR PARK,572261,176041,Southern,SOUTHERN - KENT AND SOUTH LONDON,L&W KENT AND SOUTH LONDON (SO),OPEN,WASTE SITE - INDUSTRIAL LANDFILL,2024-10-23T09:27:00Z,COMPLIANCE AUDIT (PERMIT),ESTUARINE WATER,8.42,NA,40261
2024-11-20,SO-E0007223,CLIFFE POOL CAR PARK,572261,176041,Southern,SOUTHERN - KENT AND SOUTH LONDON,L&W KENT AND SOUTH LONDON (SO),OPEN,WASTE SITE - INDUSTRIAL LANDFILL,2024-11-20T10:16:00Z,COMPLIANCE AUDIT (PERMIT),ESTUARINE WATER,8.49,NA,38660
2024-12-12,SO-E0007223,CLIFFE POOL CAR PARK,572261,176041,Southern,SOUTHERN - KENT AND SOUTH LONDON,L&W KENT AND SOUTH LONDON (SO),OPEN,WASTE SITE - INDUSTRIAL LANDFILL,2024-12-12T10:24:00Z,COMPLIANCE AUDIT (PERMIT),ESTUARINE WATER,8.45,NA,40595
2025-01-27,SO-E0007223,CLIFFE POOL CAR PARK,572261,176041,Southern,SOUTHERN - KENT AND SOUTH LONDON,L&W KENT AND SOUTH LONDON (SO),OPEN,WASTE SITE - INDUSTRIAL LANDFILL,2025-01-27T11:07:00Z,COMPLIANCE AUDIT (PERMIT),ESTUARINE WATER,8.52,NA,40401
2025-02-18,SO-E0007223,CLIFFE POOL CAR PARK,572261,176041,Southern,SOUTHERN - KENT AND SOUTH LONDON,L&W KENT AND SOUTH LONDON (SO),OPEN,WASTE SITE - INDUSTRIAL LANDFILL,2025-02-18T11:32:00Z,COMPLIANCE AUDIT (PERMIT),ESTUARINE WATER,8.57,NA,40078
2025-03-18,SO-E0007223,CLIFFE POOL CAR PARK,572261,176041,Southern,SOUTHERN - KENT AND SOUTH LONDON,L&W KENT AND SOUTH LONDON (SO),OPEN,WASTE SITE - INDUSTRIAL LANDFILL,2025-03-18T11:44:00Z,COMPLIANCE AUDIT (PERMIT),ESTUARINE WATER,8.59,NA,40297
2025-04-16,SO-E0007223,CLIFFE POOL CAR PARK,572261,176041,Southern,SOUTHERN - KENT AND SOUTH LONDON,L&W KENT AND SOUTH LONDON (SO),OPEN,WASTE SITE - INDUSTRIAL LANDFILL,2025-04-16T11:58:00Z,COMPLIANCE AUDIT (PERMIT),ESTUARINE WATER,8.54,NA,40202
2025-05-19,SO-E0007223,CLIFFE POOL CAR PARK,572261,176041,Southern,SOUTHERN - KENT AND SOUTH LONDON,L&W KENT AND SOUTH LONDON (SO),OPEN,WASTE SITE - INDUSTRIAL LANDFILL,2025-05-19T10:50:00Z,COMPLIANCE AUDIT (PERMIT),ESTUARINE WATER,8.55,NA,40559
2025-06-18,SO-E0007223,CLIFFE POOL CAR PARK,572261,176041,Southern,SOUTHERN - KENT AND SOUTH LONDON,L&W KENT AND SOUTH LONDON (SO),OPEN,WASTE SITE - INDUSTRIAL LANDFILL,2025-06-18T12:00:00Z,COMPLIANCE AUDIT (PERMIT),ESTUARINE WATER,8.24,NA,41417
2025-07-28,SO-E0007223,CLIFFE POOL CAR PARK,572261,176041,Southern,SOUTHERN - KENT AND SOUTH LONDON,L&W KENT AND SOUTH LONDON (SO),OPEN,WASTE SITE - INDUSTRIAL LANDFILL,2025-07-28T11:52:00Z,COMPLIANCE AUDIT (PERMIT),ESTUARINE WATER,8.36,NA,42528
2025-08-18,SO-E0007223,CLIFFE POOL CAR PARK,572261,176041,Southern,SOUTHERN - KENT AND SOUTH LONDON,L&W KENT AND SOUTH LONDON (SO),OPEN,WASTE SITE - INDUSTRIAL LANDFILL,2025-08-18T11:41:00Z,COMPLIANCE AUDIT (PERMIT),ESTUARINE WATER,8.41,NA,43229
2025-09-22,SO-E0007223,CLIFFE POOL CAR PARK,572261,176041,Southern,SOUTHERN - KENT AND SOUTH LONDON,L&W KENT AND SOUTH LONDON (SO),OPEN,WASTE SITE - INDUSTRIAL LANDFILL,2025-09-22T11:47:00Z,COMPLIANCE AUDIT (PERMIT),ESTUARINE WATER,8.41,NA,43931
2025-11-21,SO-E0007223,CLIFFE POOL CAR PARK,572261,176041,Southern,SOUTHERN - KENT AND SOUTH LONDON,L&W KENT AND SOUTH LONDON (SO),OPEN,WASTE SITE - INDUSTRIAL LANDFILL,2025-11-21T12:17:00Z,COMPLIANCE AUDIT (PERMIT),ESTUARINE WATER,8.42,NA,43867
2020-01-10,SO-E0004880,"CLIFFE QUARRY, CLIFFE, KENT",572307,175885,Southern,SOUTHERN - KENT AND SOUTH LONDON,L&W KENT AND SOUTH LONDON (SO),OPEN,FRESHWATER - LAKES/PONDS/RESERVOIRS,2020-01-10T12:30:00Z,ENVIRONMENTAL MONITORING STATUTORY (EU DIRECTIVES),POND / LAKE / RESERVOIR WATER,8.68,7.2,2409
2020-02-25,SO-E0004880,"CLIFFE QUARRY, CLIFFE, KENT",572307,175885,Southern,SOUTHERN - KENT AND SOUTH LONDON,L&W KENT AND SOUTH LONDON (SO),OPEN,FRESHWATER - LAKES/PONDS/RESERVOIRS,2020-02-25T11:14:00Z,PLANNED INVESTIGATION (NATIONAL AGENCY POLICY),POND / LAKE / RESERVOIR WATER,8.47,7.9,2027
2020-03-18,SO-E0004880,"CLIFFE QUARRY, CLIFFE, KENT",572307,175885,Southern,SOUTHERN - KENT AND SOUTH LONDON,L&W KENT AND SOUTH LONDON (SO),OPEN,FRESHWATER - LAKES/PONDS/RESERVOIRS,2020-03-18T11:22:00Z,PLANNED INVESTIGATION (NATIONAL AGENCY POLICY),POND / LAKE / RESERVOIR WATER,8.66,9.6,2080
2021-11-18,SO-E0004880,"CLIFFE QUARRY, CLIFFE, KENT",572307,175885,Southern,SOUTHERN - KENT AND SOUTH LONDON,L&W KENT AND SOUTH LONDON (SO),OPEN,FRESHWATER - LAKES/PONDS/RESERVOIRS,2021-11-18T11:38:00Z,PLANNED INVESTIGATION (NATIONAL AGENCY POLICY),POND / LAKE / RESERVOIR WATER,8.48,10.9,2006
2021-12-06,SO-E0004880,"CLIFFE QUARRY, CLIFFE, KENT",572307,175885,Southern,SOUTHERN - KENT AND SOUTH LONDON,L&W KENT AND SOUTH LONDON (SO),OPEN,FRESHWATER - LAKES/PONDS/RESERVOIRS,2021-12-06T10:00:00Z,PLANNED INVESTIGATION (NATIONAL AGENCY POLICY),POND / LAKE / RESERVOIR WATER,8.59,5.5,2141
2022-01-18,SO-E0004880,"CLIFFE QUARRY, CLIFFE, KENT",572307,175885,Southern,SOUTHERN - KENT AND SOUTH LONDON,L&W KENT AND SOUTH LONDON (SO),OPEN,FRESHWATER - LAKES/PONDS/RESERVOIRS,2022-01-18T10:06:00Z,PLANNED INVESTIGATION (NATIONAL AGENCY POLICY),POND / LAKE / RESERVOIR WATER,8.6,4.1,2085
2022-02-22,SO-E0004880,"CLIFFE QUARRY, CLIFFE, KENT",572307,175885,Southern,SOUTHERN - KENT AND SOUTH LONDON,L&W KENT AND SOUTH LONDON (SO),OPEN,FRESHWATER - LAKES/PONDS/RESERVOIRS,2022-02-22T09:43:00Z,PLANNED INVESTIGATION (NATIONAL AGENCY POLICY),POND / LAKE / RESERVOIR WATER,8.86,7.7,2282
2022-03-17,SO-E0004880,"CLIFFE QUARRY, CLIFFE, KENT",572307,175885,Southern,SOUTHERN - KENT AND SOUTH LONDON,L&W KENT AND SOUTH LONDON (SO),OPEN,FRESHWATER - LAKES/PONDS/RESERVOIRS,2022-03-17T09:52:00Z,PLANNED INVESTIGATION (NATIONAL AGENCY POLICY),POND / LAKE / RESERVOIR WATER,8.69,8.9,2145
2022-04-25,SO-E0004880,"CLIFFE QUARRY, CLIFFE, KENT",572307,175885,Southern,SOUTHERN - KENT AND SOUTH LONDON,L&W KENT AND SOUTH LONDON (SO),OPEN,FRESHWATER - LAKES/PONDS/RESERVOIRS,2022-04-25T08:36:00Z,PLANNED INVESTIGATION (NATIONAL AGENCY POLICY),POND / LAKE / RESERVOIR WATER,8.49,13.2,1874
2022-05-11,SO-E0004880,"CLIFFE QUARRY, CLIFFE, KENT",572307,175885,Southern,SOUTHERN - KENT AND SOUTH LONDON,L&W KENT AND SOUTH LONDON (SO),OPEN,FRESHWATER - LAKES/PONDS/RESERVOIRS,2022-05-11T11:53:00Z,PLANNED INVESTIGATION (NATIONAL AGENCY POLICY),POND / LAKE / RESERVOIR WATER,9.13,16.5,2101
2022-06-08,SO-E0004880,"CLIFFE QUARRY, CLIFFE, KENT",572307,175885,Southern,SOUTHERN - KENT AND SOUTH LONDON,L&W KENT AND SOUTH LONDON (SO),OPEN,FRESHWATER - LAKES/PONDS/RESERVOIRS,2022-06-08T10:40:00Z,PLANNED INVESTIGATION (NATIONAL AGENCY POLICY),POND / LAKE / RESERVOIR WATER,8.85,18.2,1969
2022-07-22,SO-E0004880,"CLIFFE QUARRY, CLIFFE, KENT",572307,175885,Southern,SOUTHERN - KENT AND SOUTH LONDON,L&W KENT AND SOUTH LONDON (SO),OPEN,FRESHWATER - LAKES/PONDS/RESERVOIRS,2022-07-22T11:42:00Z,PLANNED INVESTIGATION (NATIONAL AGENCY POLICY),POND / LAKE / RESERVOIR WATER,9.29,22.6,1953
2022-08-19,SO-E0004880,"CLIFFE QUARRY, CLIFFE, KENT",572307,175885,Southern,SOUTHERN - KENT AND SOUTH LONDON,L&W KENT AND SOUTH LONDON (SO),OPEN,FRESHWATER - LAKES/PONDS/RESERVOIRS,2022-08-19T08:30:00Z,PLANNED INVESTIGATION (NATIONAL AGENCY POLICY),POND / LAKE / RESERVOIR WATER,9,22.7,2104
2022-11-28,SO-E0004880,"CLIFFE QUARRY, CLIFFE, KENT",572307,175885,Southern,SOUTHERN - KENT AND SOUTH LONDON,L&W KENT AND SOUTH LONDON (SO),OPEN,FRESHWATER - LAKES/PONDS/RESERVOIRS,2022-11-28T10:58:00Z,PLANNED INVESTIGATION (NATIONAL AGENCY POLICY),POND / LAKE / RESERVOIR WATER,8.06,9.2,1973
2022-12-16,SO-E0004880,"CLIFFE QUARRY, CLIFFE, KENT",572307,175885,Southern,SOUTHERN - KENT AND SOUTH LONDON,L&W KENT AND SOUTH LONDON (SO),OPEN,FRESHWATER - LAKES/PONDS/RESERVOIRS,2022-12-16T12:43:00Z,PLANNED INVESTIGATION (NATIONAL AGENCY POLICY),POND / LAKE / RESERVOIR WATER,8.36,3.2,2100
2023-01-27,SO-E0004880,"CLIFFE QUARRY, CLIFFE, KENT",572307,175885,Southern,SOUTHERN - KENT AND SOUTH LONDON,L&W KENT AND SOUTH LONDON (SO),OPEN,FRESHWATER - LAKES/PONDS/RESERVOIRS,2023-01-27T11:57:00Z,PLANNED INVESTIGATION (NATIONAL AGENCY POLICY),POND / LAKE / RESERVOIR WATER,8.81,4.7,1971
2023-02-14,SO-E0004880,"CLIFFE QUARRY, CLIFFE, KENT",572307,175885,Southern,SOUTHERN - KENT AND SOUTH LONDON,L&W KENT AND SOUTH LONDON (SO),OPEN,FRESHWATER - LAKES/PONDS/RESERVOIRS,2023-02-14T12:57:00Z,PLANNED INVESTIGATION (NATIONAL AGENCY POLICY),POND / LAKE / RESERVOIR WATER,9.3,7.4,2193
2023-03-22,SO-E0004880,"CLIFFE QUARRY, CLIFFE, KENT",572307,175885,Southern,SOUTHERN - KENT AND SOUTH LONDON,L&W KENT AND SOUTH LONDON (SO),OPEN,FRESHWATER - LAKES/PONDS/RESERVOIRS,2023-03-22T11:03:00Z,PLANNED INVESTIGATION (NATIONAL AGENCY POLICY),POND / LAKE / RESERVOIR WATER,8.6,9.6,2046
2024-06-13,SO-E0004880,"CLIFFE QUARRY, CLIFFE, KENT",572307,175885,Southern,SOUTHERN - KENT AND SOUTH LONDON,L&W KENT AND SOUTH LONDON (SO),OPEN,FRESHWATER - LAKES/PONDS/RESERVOIRS,2024-06-13T08:21:00Z,ENVIRONMENTAL MONITORING STATUTORY (EU DIRECTIVES),POND / LAKE / RESERVOIR WATER,NA,NA,1932
2024-07-10,SO-E0004880,"CLIFFE QUARRY, CLIFFE, KENT",572307,175885,Southern,SOUTHERN - KENT AND SOUTH LONDON,L&W KENT AND SOUTH LONDON (SO),OPEN,FRESHWATER - LAKES/PONDS/RESERVOIRS,2024-07-10T10:01:00Z,ENVIRONMENTAL MONITORING STATUTORY (EU DIRECTIVES),POND / LAKE / RESERVOIR WATER,NA,NA,2098
2024-08-08,SO-E0004880,"CLIFFE QUARRY, CLIFFE, KENT",572307,175885,Southern,SOUTHERN - KENT AND SOUTH LONDON,L&W KENT AND SOUTH LONDON (SO),OPEN,FRESHWATER - LAKES/PONDS/RESERVOIRS,2024-08-08T09:51:00Z,ENVIRONMENTAL MONITORING STATUTORY (EU DIRECTIVES),POND / LAKE / RESERVOIR WATER,NA,NA,1803
2024-09-04,SO-E0004880,"CLIFFE QUARRY, CLIFFE, KENT",572307,175885,Southern,SOUTHERN - KENT AND SOUTH LONDON,L&W KENT AND SOUTH LONDON (SO),OPEN,FRESHWATER - LAKES/PONDS/RESERVOIRS,2024-09-04T09:53:00Z,ENVIRONMENTAL MONITORING STATUTORY (EU DIRECTIVES),POND / LAKE / RESERVOIR WATER,NA,NA,1970
2024-10-23,SO-E0004880,"CLIFFE QUARRY, CLIFFE, KENT",572307,175885,Southern,SOUTHERN - KENT AND SOUTH LONDON,L&W KENT AND SOUTH LONDON (SO),OPEN,FRESHWATER - LAKES/PONDS/RESERVOIRS,2024-10-23T11:31:00Z,ENVIRONMENTAL MONITORING STATUTORY (EU DIRECTIVES),POND / LAKE / RESERVOIR WATER,NA,NA,1833
2024-11-20,SO-E0004880,"CLIFFE QUARRY, CLIFFE, KENT",572307,175885,Southern,SOUTHERN - KENT AND SOUTH LONDON,L&W KENT AND SOUTH LONDON (SO),OPEN,FRESHWATER - LAKES/PONDS/RESERVOIRS,2024-11-20T12:41:00Z,ENVIRONMENTAL MONITORING STATUTORY (EU DIRECTIVES),POND / LAKE / RESERVOIR WATER,NA,NA,1852
2024-12-12,SO-E0004880,"CLIFFE QUARRY, CLIFFE, KENT",572307,175885,Southern,SOUTHERN - KENT AND SOUTH LONDON,L&W KENT AND SOUTH LONDON (SO),OPEN,FRESHWATER - LAKES/PONDS/RESERVOIRS,2024-12-12T12:24:00Z,ENVIRONMENTAL MONITORING STATUTORY (EU DIRECTIVES),POND / LAKE / RESERVOIR WATER,NA,NA,1950
2025-01-27,SO-E0004880,"CLIFFE QUARRY, CLIFFE, KENT",572307,175885,Southern,SOUTHERN - KENT AND SOUTH LONDON,L&W KENT AND SOUTH LONDON (SO),OPEN,FRESHWATER - LAKES/PONDS/RESERVOIRS,2025-01-27T12:52:00Z,ENVIRONMENTAL MONITORING STATUTORY (EU DIRECTIVES),POND / LAKE / RESERVOIR WATER,NA,NA,1875
2025-02-18,SO-E0004880,"CLIFFE QUARRY, CLIFFE, KENT",572307,175885,Southern,SOUTHERN - KENT AND SOUTH LONDON,L&W KENT AND SOUTH LONDON (SO),OPEN,FRESHWATER - LAKES/PONDS/RESERVOIRS,2025-02-18T13:23:00Z,ENVIRONMENTAL MONITORING STATUTORY (EU DIRECTIVES),POND / LAKE / RESERVOIR WATER,NA,NA,1924
2025-03-18,SO-E0004880,"CLIFFE QUARRY, CLIFFE, KENT",572307,175885,Southern,SOUTHERN - KENT AND SOUTH LONDON,L&W KENT AND SOUTH LONDON (SO),OPEN,FRESHWATER - LAKES/PONDS/RESERVOIRS,2025-03-18T13:59:00Z,ENVIRONMENTAL MONITORING STATUTORY (EU DIRECTIVES),POND / LAKE / RESERVOIR WATER,NA,NA,2050
2025-04-16,SO-E0004880,"CLIFFE QUARRY, CLIFFE, KENT",572307,175885,Southern,SOUTHERN - KENT AND SOUTH LONDON,L&W KENT AND SOUTH LONDON (SO),OPEN,FRESHWATER - LAKES/PONDS/RESERVOIRS,2025-04-16T12:21:00Z,ENVIRONMENTAL MONITORING STATUTORY (EU DIRECTIVES),POND / LAKE / RESERVOIR WATER,8.64,14,1892
2025-05-19,SO-E0004880,"CLIFFE QUARRY, CLIFFE, KENT",572307,175885,Southern,SOUTHERN - KENT AND SOUTH LONDON,L&W KENT AND SOUTH LONDON (SO),OPEN,FRESHWATER - LAKES/PONDS/RESERVOIRS,2025-05-19T11:36:00Z,ENVIRONMENTAL MONITORING STATUTORY (EU DIRECTIVES),POND / LAKE / RESERVOIR WATER,9.15,17,1808
2025-06-18,SO-E0004880,"CLIFFE QUARRY, CLIFFE, KENT",572307,175885,Southern,SOUTHERN - KENT AND SOUTH LONDON,L&W KENT AND SOUTH LONDON (SO),OPEN,FRESHWATER - LAKES/PONDS/RESERVOIRS,2025-06-18T11:28:00Z,ENVIRONMENTAL MONITORING STATUTORY (EU DIRECTIVES),POND / LAKE / RESERVOIR WATER,9.48,23.7,1769
2025-07-28,SO-E0004880,"CLIFFE QUARRY, CLIFFE, KENT",572307,175885,Southern,SOUTHERN - KENT AND SOUTH LONDON,L&W KENT AND SOUTH LONDON (SO),OPEN,FRESHWATER - LAKES/PONDS/RESERVOIRS,2025-07-28T11:04:00Z,ENVIRONMENTAL MONITORING STATUTORY (EU DIRECTIVES),POND / LAKE / RESERVOIR WATER,8.97,22.3,2112
2025-08-18,SO-E0004880,"CLIFFE QUARRY, CLIFFE, KENT",572307,175885,Southern,SOUTHERN - KENT AND SOUTH LONDON,L&W KENT AND SOUTH LONDON (SO),OPEN,FRESHWATER - LAKES/PONDS/RESERVOIRS,2025-08-18T11:01:00Z,ENVIRONMENTAL MONITORING STATUTORY (EU DIRECTIVES),POND / LAKE / RESERVOIR WATER,8.94,21.3,1907
2025-09-22,SO-E0004880,"CLIFFE QUARRY, CLIFFE, KENT",572307,175885,Southern,SOUTHERN - KENT AND SOUTH LONDON,L&W KENT AND SOUTH LONDON (SO),OPEN,FRESHWATER - LAKES/PONDS/RESERVOIRS,2025-09-22T10:10:00Z,ENVIRONMENTAL MONITORING STATUTORY (EU DIRECTIVES),POND / LAKE / RESERVOIR WATER,8.27,15.4,1875
2025-11-21,SO-E0004880,"CLIFFE QUARRY, CLIFFE, KENT",572307,175885,Southern,SOUTHERN - KENT AND SOUTH LONDON,L&W KENT AND SOUTH LONDON (SO),OPEN,FRESHWATER - LAKES/PONDS/RESERVOIRS,2025-11-21T11:36:00Z,ENVIRONMENTAL MONITORING STATUTORY (EU DIRECTIVES),POND / LAKE / RESERVOIR WATER,8.25,7,1962
2025-12-16,SO-E0004880,"CLIFFE QUARRY, CLIFFE, KENT",572307,175885,Southern,SOUTHERN - KENT AND SOUTH LONDON,L&W KENT AND SOUTH LONDON (SO),OPEN,FRESHWATER - LAKES/PONDS/RESERVOIRS,2025-12-16T11:41:00Z,ENVIRONMENTAL MONITORING STATUTORY (EU DIRECTIVES),POND / LAKE / RESERVOIR WATER,8.18,8.8,1971
2020-01-13,SO-5GWQ0462,"COURTSOLE FARM, POND HILL, CLIFFE, ROCHESTER",573591,176782,Southern,SOUTHERN - KENT AND SOUTH LONDON,L&W KENT AND SOUTH LONDON (SO),OPEN,GROUNDWATER - WELLS & ADITS,2020-01-13T10:48:00Z,ENVIRONMENTAL MONITORING STATUTORY (EU DIRECTIVES),GROUNDWATER,NA,12.5,1214
2021-07-21,SO-5GWQ0462,"COURTSOLE FARM, POND HILL, CLIFFE, ROCHESTER",573591,176782,Southern,SOUTHERN - KENT AND SOUTH LONDON,L&W KENT AND SOUTH LONDON (SO),OPEN,GROUNDWATER - WELLS & ADITS,2021-07-21T09:59:00Z,ENVIRONMENTAL MONITORING STATUTORY (EU DIRECTIVES),GROUNDWATER,NA,13.5,1258
2021-10-14,SO-5GWQ0462,"COURTSOLE FARM, POND HILL, CLIFFE, ROCHESTER",573591,176782,Southern,SOUTHERN - KENT AND SOUTH LONDON,L&W KENT AND SOUTH LONDON (SO),OPEN,GROUNDWATER - WELLS & ADITS,2021-10-14T10:16:00Z,ENVIRONMENTAL MONITORING STATUTORY (EU DIRECTIVES),GROUNDWATER,NA,12.9,1227
2023-09-13,SO-E0007331,DOWNSTREAM KINGSNORTH INDUSTRIAL,581238,173438,Southern,SOUTHERN - KENT AND SOUTH LONDON,L&W KENT AND SOUTH LONDON (SO),OPEN,"TRADE DISCHARGES - SITE DRAINAGE (CONTAM SURFACE WATER, NOT WASTE SIT",2023-09-13T14:11:00Z,PLANNED INVESTIGATION (LOCAL MONITORING),RIVER / RUNNING SURFACE WATER,7.37,19.3,NA
2023-10-13,SO-E0007331,DOWNSTREAM KINGSNORTH INDUSTRIAL,581238,173438,Southern,SOUTHERN - KENT AND SOUTH LONDON,L&W KENT AND SOUTH LONDON (SO),OPEN,"TRADE DISCHARGES - SITE DRAINAGE (CONTAM SURFACE WATER, NOT WASTE SIT",2023-10-13T11:07:00Z,PLANNED INVESTIGATION (LOCAL MONITORING),RIVER / RUNNING SURFACE WATER,6.99,17,NA
2023-11-03,SO-E0007331,DOWNSTREAM KINGSNORTH INDUSTRIAL,581238,173438,Southern,SOUTHERN - KENT AND SOUTH LONDON,L&W KENT AND SOUTH LONDON (SO),OPEN,"TRADE DISCHARGES - SITE DRAINAGE (CONTAM SURFACE WATER, NOT WASTE SIT",2023-11-03T11:20:00Z,PLANNED INVESTIGATION (LOCAL MONITORING),RIVER / RUNNING SURFACE WATER,7.26,11.4,NA
2023-12-04,SO-E0007331,DOWNSTREAM KINGSNORTH INDUSTRIAL,581238,173438,Southern,SOUTHERN - KENT AND SOUTH LONDON,L&W KENT AND SOUTH LONDON (SO),OPEN,"TRADE DISCHARGES - SITE DRAINAGE (CONTAM SURFACE WATER, NOT WASTE SIT",2023-12-04T11:10:00Z,PLANNED INVESTIGATION (LOCAL MONITORING),RIVER / RUNNING SURFACE WATER,7.43,5.8,NA
2024-01-04,SO-E0007331,DOWNSTREAM KINGSNORTH INDUSTRIAL,581238,173438,Southern,SOUTHERN - KENT AND SOUTH LONDON,L&W KENT AND SOUTH LONDON (SO),OPEN,"TRADE DISCHARGES - SITE DRAINAGE (CONTAM SURFACE WATER, NOT WASTE SIT",2024-01-04T10:46:00Z,PLANNED INVESTIGATION (LOCAL MONITORING),RIVER / RUNNING SURFACE WATER,7.4,8.6,NA
2024-02-01,SO-E0007331,DOWNSTREAM KINGSNORTH INDUSTRIAL,581238,173438,Southern,SOUTHERN - KENT AND SOUTH LONDON,L&W KENT AND SOUTH LONDON (SO),OPEN,"TRADE DISCHARGES - SITE DRAINAGE (CONTAM SURFACE WATER, NOT WASTE SIT",2024-02-01T10:09:00Z,PLANNED INVESTIGATION (LOCAL MONITORING),RIVER / RUNNING SURFACE WATER,7.52,7,NA
2024-03-06,SO-E0007331,DOWNSTREAM KINGSNORTH INDUSTRIAL,581238,173438,Southern,SOUTHERN - KENT AND SOUTH LONDON,L&W KENT AND SOUTH LONDON (SO),OPEN,"TRADE DISCHARGES - SITE DRAINAGE (CONTAM SURFACE WATER, NOT WASTE SIT",2024-03-06T09:41:00Z,PLANNED INVESTIGATION (LOCAL MONITORING),RIVER / RUNNING SURFACE WATER,7.29,8.2,NA
2025-04-23,SO-E0007331,DOWNSTREAM KINGSNORTH INDUSTRIAL,581238,173438,Southern,SOUTHERN - KENT AND SOUTH LONDON,L&W KENT AND SOUTH LONDON (SO),OPEN,"TRADE DISCHARGES - SITE DRAINAGE (CONTAM SURFACE WATER, NOT WASTE SIT",2025-04-23T10:21:00Z,PLANNED INVESTIGATION (LOCAL MONITORING),RIVER / RUNNING SURFACE WATER,7.57,12.1,NA
2025-05-12,SO-E0007331,DOWNSTREAM KINGSNORTH INDUSTRIAL,581238,173438,Southern,SOUTHERN - KENT AND SOUTH LONDON,L&W KENT AND SOUTH LONDON (SO),OPEN,"TRADE DISCHARGES - SITE DRAINAGE (CONTAM SURFACE WATER, NOT WASTE SIT",2025-05-12T12:51:00Z,PLANNED INVESTIGATION (LOCAL MONITORING),RIVER / RUNNING SURFACE WATER,7.61,18.8,NA
2025-06-19,SO-E0007331,DOWNSTREAM KINGSNORTH INDUSTRIAL,581238,173438,Southern,SOUTHERN - KENT AND SOUTH LONDON,L&W KENT AND SOUTH LONDON (SO),OPEN,"TRADE DISCHARGES - SITE DRAINAGE (CONTAM SURFACE WATER, NOT WASTE SIT",2025-06-19T09:14:00Z,PLANNED INVESTIGATION (LOCAL MONITORING),RIVER / RUNNING SURFACE WATER,7.59,18.9,NA
2025-07-03,SO-E0007331,DOWNSTREAM KINGSNORTH INDUSTRIAL,581238,173438,Southern,SOUTHERN - KENT AND SOUTH LONDON,L&W KENT AND SOUTH LONDON (SO),OPEN,"TRADE DISCHARGES - SITE DRAINAGE (CONTAM SURFACE WATER, NOT WASTE SIT",2025-07-03T09:17:00Z,PLANNED INVESTIGATION (LOCAL MONITORING),RIVER / RUNNING SURFACE WATER,7.43,15.2,NA
2025-08-08,SO-E0007331,DOWNSTREAM KINGSNORTH INDUSTRIAL,581238,173438,Southern,SOUTHERN - KENT AND SOUTH LONDON,L&W KENT AND SOUTH LONDON (SO),OPEN,"TRADE DISCHARGES - SITE DRAINAGE (CONTAM SURFACE WATER, NOT WASTE SIT",2025-08-08T10:57:00Z,PLANNED INVESTIGATION (LOCAL MONITORING),RIVER / RUNNING SURFACE WATER,7.39,17.4,NA
2025-09-11,SO-E0007331,DOWNSTREAM KINGSNORTH INDUSTRIAL,581238,173438,Southern,SOUTHERN - KENT AND SOUTH LONDON,L&W KENT AND SOUTH LONDON (SO),OPEN,"TRADE DISCHARGES - SITE DRAINAGE (CONTAM SURFACE WATER, NOT WASTE SIT",2025-09-11T11:59:00Z,PLANNED INVESTIGATION (LOCAL MONITORING),RIVER / RUNNING SURFACE WATER,7.43,16.2,NA
2025-10-06,SO-E0007331,DOWNSTREAM KINGSNORTH INDUSTRIAL,581238,173438,Southern,SOUTHERN - KENT AND SOUTH LONDON,L&W KENT AND SOUTH LONDON (SO),OPEN,"TRADE DISCHARGES - SITE DRAINAGE (CONTAM SURFACE WATER, NOT WASTE SIT",2025-10-06T10:55:00Z,PLANNED INVESTIGATION (LOCAL MONITORING),RIVER / RUNNING SURFACE WATER,7.44,12.8,NA
2025-11-18,SO-E0007331,DOWNSTREAM KINGSNORTH INDUSTRIAL,581238,173438,Southern,SOUTHERN - KENT AND SOUTH LONDON,L&W KENT AND SOUTH LONDON (SO),OPEN,"TRADE DISCHARGES - SITE DRAINAGE (CONTAM SURFACE WATER, NOT WASTE SIT",2025-11-18T09:59:00Z,PLANNED INVESTIGATION (LOCAL MONITORING),RIVER / RUNNING SURFACE WATER,7.46,6.9,NA
2025-12-04,SO-E0007331,DOWNSTREAM KINGSNORTH INDUSTRIAL,581238,173438,Southern,SOUTHERN - KENT AND SOUTH LONDON,L&W KENT AND SOUTH LONDON (SO),OPEN,"TRADE DISCHARGES - SITE DRAINAGE (CONTAM SURFACE WATER, NOT WASTE SIT",2025-12-04T10:45:00Z,PLANNED INVESTIGATION (LOCAL MONITORING),RIVER / RUNNING SURFACE WATER,7.6,7.7,NA
2023-07-03,SO-E0007313,SIMMONDS HOLE BH - GROUNDWATER QUALITY,573518,175506,Southern,SOUTHERN - KENT AND SOUTH LONDON,L&W KENT AND SOUTH LONDON (SO),OPEN,GROUNDWATER - BOREHOLE,2023-07-03T11:50:00Z,PLANNED INVESTIGATION (LOCAL MONITORING),GROUNDWATER,6.98,13.5,1168
2023-12-12,SO-E0007313,SIMMONDS HOLE BH - GROUNDWATER QUALITY,573518,175506,Southern,SOUTHERN - KENT AND SOUTH LONDON,L&W KENT AND SOUTH LONDON (SO),OPEN,GROUNDWATER - BOREHOLE,2023-12-12T12:34:00Z,PLANNED INVESTIGATION (LOCAL MONITORING),GROUNDWATER,6.95,11.4,1198
